name,title,url
HankBubbie,nan,https://www.airbnb.com/rooms/plus/14098
Tatiana,Green Sputnik in Highland Park,https://www.airbnb.com/rooms/plus/23710
Modern,nan,https://www.airbnb.com/rooms/plus/23925
Spencer,The Zanja Shangri-La,https://www.airbnb.com/rooms/plus/32963
Michael,nan,https://www.airbnb.com/rooms/plus/61578
Constantine,nan,https://www.airbnb.com/rooms/plus/66796
Zeev,nan,https://www.airbnb.com/rooms/plus/74770
Dan,nan,https://www.airbnb.com/rooms/plus/98284
Megan,Walk to Venice Beach from a Family-Friendly Home,https://www.airbnb.com/rooms/plus/237988
Derek,nan,https://www.airbnb.com/rooms/plus/254259
Steve,"Panoramic View and Pool, Chic Hollywood Bungalow",https://www.airbnb.com/rooms/plus/257003
Ilan And Yana,Modern Bohemian-Style Home in Venice Beach,https://www.airbnb.com/rooms/plus/262395
Bea & Henning,Zen Retreat with Heart in Creative & Cozy House,https://www.airbnb.com/rooms/plus/266975
Mirjam,Cozy Apartment with Private Yard in West Hollywood,https://www.airbnb.com/rooms/plus/291617
Donna,nan,https://www.airbnb.com/rooms/plus/346756
Deborah,Rodeo Drive Studio with Pool and Private Garden,https://www.airbnb.com/rooms/plus/395221
M.,Venice Canals Bungalow Retreat,https://www.airbnb.com/rooms/plus/402182
Bryce,"Unwind at a Tranquil, Quiet Home",https://www.airbnb.com/rooms/plus/498342
Jo-Ann,Walk to Abbot Kinney from a Quiet Guesthouse,https://www.airbnb.com/rooms/plus/526012
Alex,Relax with a View at a Spanish-style Hilltop Home,https://www.airbnb.com/rooms/plus/537363
Dale And Paul,Sunny Suite in Historic Home Steps from the Beach,https://www.airbnb.com/rooms/plus/546626
Carol,nan,https://www.airbnb.com/rooms/plus/565873
Wendy & Rik,Your Echo in the Canyon Tranquil Home,https://www.airbnb.com/rooms/plus/611542
Bill And Carrie,Comfy Room in a Whittier Hills Home,https://www.airbnb.com/rooms/plus/640855
Jason & Andrew,nan,https://www.airbnb.com/rooms/plus/649822
Isabelle,Pristine Cottage Nestled in the Topanga Woods,https://www.airbnb.com/rooms/plus/663889
Craig,Walk to Venice Shops from an Eclectic Home,https://www.airbnb.com/rooms/plus/668111
Bill And Carrie,Single Story Home in Historic Uptown Whittier,https://www.airbnb.com/rooms/plus/707205
Steven & Judy,nan,https://www.airbnb.com/rooms/plus/722233
Keri,nan,https://www.airbnb.com/rooms/plus/732969
Dan,Echo Park Cottage with Hot Tub and Lush Garden,https://www.airbnb.com/rooms/plus/766813
Will,nan,https://www.airbnb.com/rooms/plus/770046
Steven & Judy,nan,https://www.airbnb.com/rooms/plus/776948
Todd,"Private, Designer Guesthouse with Rose Garden",https://www.airbnb.com/rooms/plus/781722
Mike,nan,https://www.airbnb.com/rooms/plus/784086
Darrell,Room in Hillside Home with Skyline Views,https://www.airbnb.com/rooms/plus/810082
Jennifer,nan,https://www.airbnb.com/rooms/plus/840797
Amara,Private Studio Nestled in Tropical Pool Oasis,https://www.airbnb.com/rooms/plus/862186
Kevin,nan,https://www.airbnb.com/rooms/plus/893786
Janin,Walk to Venice Beach from a Designer Home,https://www.airbnb.com/rooms/plus/898680
Gary And Jill,Heart of Los Feliz Village I,https://www.airbnb.com/rooms/plus/906604
Jennifer,"Enchanting, Art-Adorned Craftsman in Echo Park",https://www.airbnb.com/rooms/plus/912991
D. Marilyn,nan,https://www.airbnb.com/rooms/plus/921738
Adriana,Boutique Guest Suite with Outdoor Lounge,https://www.airbnb.com/rooms/plus/926060
Adriana,Stroll Melrose Ave from a 1920s Spanish-Style Home,https://www.airbnb.com/rooms/plus/926181
Jo-Ann,Artfully Designed Studio Cottage in Venice,https://www.airbnb.com/rooms/plus/932354
Jean,Sunny Room in 50s Mid Mod Delight,https://www.airbnb.com/rooms/plus/948999
Janin,Walk to Venice Beach from a Mellow Apartment,https://www.airbnb.com/rooms/plus/956342
Ray,Architectural Masterpiece with Roof Deck,https://www.airbnb.com/rooms/plus/958435
Ari,The Hot Tub Treehouse Chalet of Silverlake,https://www.airbnb.com/rooms/plus/961852
Veronica And Christopher,Zen House with Sauna and Spectacular Views,https://www.airbnb.com/rooms/plus/975929
Luca,Picture Perfect California Bungalow,https://www.airbnb.com/rooms/plus/978549
Amelia,nan,https://www.airbnb.com/rooms/plus/992786
Alicia,Enjoy Hollywood from House in Hollywood Hills,https://www.airbnb.com/rooms/plus/1012454
David,Private Room in an Elegant French Gothic Home,https://www.airbnb.com/rooms/plus/1025161
Craig,Relax in a Unique Apartment in Venice,https://www.airbnb.com/rooms/plus/1074732
Kevin,"Comfortable, Modern House with Chef's Kitchen",https://www.airbnb.com/rooms/plus/1110762
Io,Private Gem in the Heart of Atwater Village,https://www.airbnb.com/rooms/plus/1160510
Helena,Relax in a Pasadena Family Home with a Garden,https://www.airbnb.com/rooms/plus/1194408
Harry And Russ,nan,https://www.airbnb.com/rooms/plus/1217659
Daniel,Vintage Craftsman House with Pool and Fire Pit,https://www.airbnb.com/rooms/plus/1220414
Amelia,nan,https://www.airbnb.com/rooms/plus/1233330
Russell,View Hollywood Hills from Stunning Loft-Style Home,https://www.airbnb.com/rooms/plus/1243943
Donna,Retro Silver Lake Studio with a Solar-Heated Pool,https://www.airbnb.com/rooms/plus/1262262
Susan & Kevin,Charming Craftsman with Outdoor Shower,https://www.airbnb.com/rooms/plus/1292476
Sammy,Ultra Modern Eco-Chic Cottage,https://www.airbnb.com/rooms/plus/1312673
Jason,"Spacious, Modern Apartment with Panoramic Views",https://www.airbnb.com/rooms/plus/1332728
Lisa & Ken,Phantastic Private Master Bedroom in Montebello,https://www.airbnb.com/rooms/plus/1336402
Carlos,1923 Ranch House with Stunning Art Collection,https://www.airbnb.com/rooms/plus/1336410
Al And Leslie,nan,https://www.airbnb.com/rooms/plus/1381369
Cara,nan,https://www.airbnb.com/rooms/plus/1399365
Joshua,"Bright, Modern & Spacious Stunner in Silverlake",https://www.airbnb.com/rooms/plus/1423375
Joshua And Heather,Unwind in a Modern and Serene Craftsman Home,https://www.airbnb.com/rooms/plus/1454412
Leslie,nan,https://www.airbnb.com/rooms/plus/1479084
Jason & Andrew,Hip Venice Beach Condo Minutes from the Sand,https://www.airbnb.com/rooms/plus/1492731
Nona,Private Sunset Plaza Hideaway with Pool,https://www.airbnb.com/rooms/plus/1503555
Mikki,Centrally-Located Long Beach Guesthouse,https://www.airbnb.com/rooms/plus/1515883
Thea And George,nan,https://www.airbnb.com/rooms/plus/1525686
Grace,"Chic, Spacious Home Just Steps from Venice Beach",https://www.airbnb.com/rooms/plus/1534717
Jorge,nan,https://www.airbnb.com/rooms/plus/1547212
Josie And Paul,nan,https://www.airbnb.com/rooms/plus/1602551
Jennifer,nan,https://www.airbnb.com/rooms/plus/1652185
Andrea & Ed,Luxurious Home Overlooking Historic Venice Canals,https://www.airbnb.com/rooms/plus/1681745
Jeffrey,Stylish Spanish Apartment with Deck and Views,https://www.airbnb.com/rooms/plus/1689200
HankBubbie,Soothing Zen Haven In the Hollywood Hills,https://www.airbnb.com/rooms/plus/1700085
Brad & Sean,Devlin by Open Air Homes,https://www.airbnb.com/rooms/plus/1721598
Jo-Ann,Live the Beach Life in a Modern Bohemian Home,https://www.airbnb.com/rooms/plus/1821859
Nicolas,nan,https://www.airbnb.com/rooms/plus/1822343
Indra,Vibrant Silver Lake Home with Rose Garden,https://www.airbnb.com/rooms/plus/1898747
Eric,"Ocean Front Views
Shabby Chic Vintage Vibes",https://www.airbnb.com/rooms/plus/1922497
Sean,nan,https://www.airbnb.com/rooms/plus/1971900
Deborah,nan,https://www.airbnb.com/rooms/plus/2021231
Patrick,Venice Original Private Guest House,https://www.airbnb.com/rooms/plus/2034041
Barry & Van-Martin,Artist's Retreat in Secluded Pasadena Guesthouse,https://www.airbnb.com/rooms/plus/2070289
Dyane,nan,https://www.airbnb.com/rooms/plus/2114558
Katy-Rent My LA Pad,Luxurious Upscale Modern Home-Universal Studios,https://www.airbnb.com/rooms/plus/2124140
Sheri,"Bike to Venice from a Hip, Eclectic Condo",https://www.airbnb.com/rooms/plus/2139064
Adriana,Melrose Avenue Urban Oasis,https://www.airbnb.com/rooms/plus/2144103
Michael,"Eclectic, Modernist Urban Retreat in Venice Beach",https://www.airbnb.com/rooms/plus/2151549
Todd,"Elegant, Designer Guesthouse with Rose Garden",https://www.airbnb.com/rooms/plus/2204118
Helena,Relax in an Updated Bungalow House in Pasadena,https://www.airbnb.com/rooms/plus/2289772
Marion,nan,https://www.airbnb.com/rooms/plus/2351714
Nancy,nan,https://www.airbnb.com/rooms/plus/2401340
Micah,nan,https://www.airbnb.com/rooms/plus/2461389
Lake,"Dreamy Apartment with Airy, Western-Chic Design",https://www.airbnb.com/rooms/plus/2532650
Sophia,"11 houses to Beach - Designer, Modern and Bright!!",https://www.airbnb.com/rooms/plus/2539391
Flavs,Quiet & Artistic Home Near the Venice Beach Sign,https://www.airbnb.com/rooms/plus/2540499
Jean,nan,https://www.airbnb.com/rooms/plus/2547530
Roslyn & Yossi,nan,https://www.airbnb.com/rooms/plus/2560924
John,nan,https://www.airbnb.com/rooms/plus/2600380
Lisa,"Charming, Vintage Home near Venice Beach",https://www.airbnb.com/rooms/plus/2670945
Indra,"Tropical, Bohemian Townhouse in West Hollywood",https://www.airbnb.com/rooms/plus/2723180
Modern,nan,https://www.airbnb.com/rooms/plus/2771257
Stacy,nan,https://www.airbnb.com/rooms/plus/2842982
Laura & Michael,Contemporary Cottage... Oasis with Private Pool.,https://www.airbnb.com/rooms/plus/2844034
Tim,Bright Studio with Panoramic Views in Silver Lake,https://www.airbnb.com/rooms/plus/2867922
Flavs,Quirky Artist's Hideaway in Venice Beach,https://www.airbnb.com/rooms/plus/2889663
Ty,nan,https://www.airbnb.com/rooms/plus/2943009
Jade,nan,https://www.airbnb.com/rooms/plus/2943313
Anna-Pia And John,Relax in a Romantic Suite in Del Rey,https://www.airbnb.com/rooms/plus/2960075
Emily,nan,https://www.airbnb.com/rooms/plus/2969999
Anna-Pia And John,Private Room and Bath in Del Rey House,https://www.airbnb.com/rooms/plus/3053356
Indra,nan,https://www.airbnb.com/rooms/plus/3090567
Charlie,nan,https://www.airbnb.com/rooms/plus/3102027
Claire,"Bike Along the Beach from a Soothing, Minimal Home",https://www.airbnb.com/rooms/plus/3166991
Pablo & Maria,nan,https://www.airbnb.com/rooms/plus/3215956
David,Architectural Loft in Walk Streets of Venice,https://www.airbnb.com/rooms/plus/3293395
Donna,nan,https://www.airbnb.com/rooms/plus/3362970
Shannon,nan,https://www.airbnb.com/rooms/plus/3440825
Connie,"Rustic, Romantic Beachfront Apartment in Malibu",https://www.airbnb.com/rooms/plus/3563679
Claudia,nan,https://www.airbnb.com/rooms/plus/3626184
Robby,Sunny House in Hollywood Hills,https://www.airbnb.com/rooms/plus/3629028
Mollie,nan,https://www.airbnb.com/rooms/plus/3673290
Joseph,Cozy Studio Guest House with Courtyard Garden,https://www.airbnb.com/rooms/plus/3678271
Callie,nan,https://www.airbnb.com/rooms/plus/3697224
Sharlene,Relax in a Room in a Hillside Mid-Century House,https://www.airbnb.com/rooms/plus/3750775
John & Charlotte,Oasis in Venice Beach with a Shaded Patio,https://www.airbnb.com/rooms/plus/3783358
Jeffrey,Hillside Oasis with a Hot Tub in Silver Lake,https://www.airbnb.com/rooms/plus/3829962
Scott,nan,https://www.airbnb.com/rooms/plus/3852970
Andrea,nan,https://www.airbnb.com/rooms/plus/3897252
Sammy,Sleek Modern Designer Eco Home-Audiophile's Dream,https://www.airbnb.com/rooms/plus/3897670
Faisal,Cozy Guesthouse Surrounded by Nature,https://www.airbnb.com/rooms/plus/3898138
Julian,nan,https://www.airbnb.com/rooms/plus/4015029
Austin,Garden Views and Bold Art at an Eclectic Hideaway,https://www.airbnb.com/rooms/plus/4015999
Chad And Lara,Tour Topanga State Park from a Cozy Mountain Home,https://www.airbnb.com/rooms/plus/4118234
Natalie,nan,https://www.airbnb.com/rooms/plus/4126565
Owen,Remodeled Venice Oasis close to Abbot Kinney,https://www.airbnb.com/rooms/plus/4136735
Anita,nan,https://www.airbnb.com/rooms/plus/4138831
Kendell,nan,https://www.airbnb.com/rooms/plus/4150058
Mark & Claire,nan,https://www.airbnb.com/rooms/plus/4191870
Tammy,Home Away from Home in Hermosa Beach,https://www.airbnb.com/rooms/plus/4210372
Alex,nan,https://www.airbnb.com/rooms/plus/4243896
Alex,Visit LA Live from a Spacious Industrial Loft,https://www.airbnb.com/rooms/plus/4264352
Helene,Colorful Boutique Home Close to the Beach,https://www.airbnb.com/rooms/plus/4284302
Michael & Robert,Vibrant Ocean View Townhouse with Terrace,https://www.airbnb.com/rooms/plus/4284953
Francesco,nan,https://www.airbnb.com/rooms/plus/4350361
Keller,nan,https://www.airbnb.com/rooms/plus/4403665
Keller,nan,https://www.airbnb.com/rooms/plus/4440003
Brianne,"Bright, Open, and Peaceful House near Abbot Kinney",https://www.airbnb.com/rooms/plus/4454397
Asher,Private Guesthouse Apartment Hidden in the Hills.,https://www.airbnb.com/rooms/plus/4485653
Patricia,Explore Downtown Los Angeles from Artsy Apartment,https://www.airbnb.com/rooms/plus/4526471
Jennifer,Explore Pasadena from a Sun-Drenched Craftsman,https://www.airbnb.com/rooms/plus/4538549
Tim & Drew,Mid-Century Getaway in the Heart of Silver Lake,https://www.airbnb.com/rooms/plus/4639002
Shawn,nan,https://www.airbnb.com/rooms/plus/4653987
Susan,nan,https://www.airbnb.com/rooms/plus/4718682
Indra,Silver Lake Home with Sweeping Private Deck Views,https://www.airbnb.com/rooms/plus/4727863
Suzan,"Peaceful, Private Space, Venice Beach",https://www.airbnb.com/rooms/plus/4776301
Brandon,Beach Loft with Soaring Ceilings and Mini Oasis,https://www.airbnb.com/rooms/plus/4777117
Chelsea Rachael,nan,https://www.airbnb.com/rooms/plus/4850870
Jeff & Shannon,Charming Mid-Century Home Close to the Beach,https://www.airbnb.com/rooms/plus/4861432
At-Homeness Vacation Rentals,"Hip, Contemporary Cabin Close to Abbot Kinney",https://www.airbnb.com/rooms/plus/4862347
Jennifer,Indoor-Outdoor Living in a 1920s Bungalow,https://www.airbnb.com/rooms/plus/4873585
Tarah,Stunning Four Bdrm House in the Hills with Views.,https://www.airbnb.com/rooms/plus/4880404
Uma,nan,https://www.airbnb.com/rooms/plus/4880771
Deanna,Private Serene Guest Studio,https://www.airbnb.com/rooms/plus/4892696
Stacey,"Modern, Spacious Bungalow in Silver Lake",https://www.airbnb.com/rooms/plus/4916997
Felicia And John,Live & Love Venice Beach from Apartment in Venice,https://www.airbnb.com/rooms/plus/4936627
Michael,Relax in West Hollywood Spanish-Style Home,https://www.airbnb.com/rooms/plus/4969358
Chantal,Relax and Renew in a Getaway Rancho Cottage,https://www.airbnb.com/rooms/plus/4998054
Indra,Colorful Bohemian Estate Near West Hollywood,https://www.airbnb.com/rooms/plus/5019234
Jenny,Cozy Guesthouse with Sunny Pool and Patio,https://www.airbnb.com/rooms/plus/5318042
Bill,Spanish Manor with Pool and Amazing Location,https://www.airbnb.com/rooms/plus/5376422
Sam,Rock and Retro-Inspired Home in Silver Lake,https://www.airbnb.com/rooms/plus/5383963
Deya,nan,https://www.airbnb.com/rooms/plus/5401572
Ashton,Gorgeous LA Views from the Balcony of a Chic Home,https://www.airbnb.com/rooms/plus/5537350
Frances,nan,https://www.airbnb.com/rooms/plus/5559765
Mena,nan,https://www.airbnb.com/rooms/plus/5638620
Dawn & Dillinger,Venice Beach/Abbot Kinney Hideaway,https://www.airbnb.com/rooms/plus/5879466
Ninon,Relax in the Hammock at Casa de Palma Oasis,https://www.airbnb.com/rooms/plus/5890231
Carolyn & Jan,Vintage Hollywood Apartment Close to Melrose,https://www.airbnb.com/rooms/plus/5958809
LEVEL Furnished Living,Luxurious Apartment with Rooftop Basketball Court,https://www.airbnb.com/rooms/plus/5969530
Byron Luxury Leasing,Exclusive Private Villa with Backyard Pool,https://www.airbnb.com/rooms/plus/6005389
Charley & Jaymes,Spanish Duplex with Private Patio in Silver Lake,https://www.airbnb.com/rooms/plus/6051139
LEVEL Furnished Living,"Savor the City in a Modern, Sunny Apartment",https://www.airbnb.com/rooms/plus/6088341
Angela,Room with Own Bath by Beach & Wholefoods,https://www.airbnb.com/rooms/plus/6117387
Amelia,nan,https://www.airbnb.com/rooms/plus/6132998
Ed And Terry,nan,https://www.airbnb.com/rooms/plus/6223827
Alex,Venice Modernist Architectural Gem,https://www.airbnb.com/rooms/plus/6262191
Meg,Fabulous Villa with Backyard Movie Screen,https://www.airbnb.com/rooms/plus/6292699
Stacey,Private Room with a Garden View in Shared House,https://www.airbnb.com/rooms/plus/6337392
Kittie & Chris,1920s Captivating Casa near Old Town & Rose Bowl,https://www.airbnb.com/rooms/plus/6337539
Rocco,Modern and Cool Family Friendly House in Venice,https://www.airbnb.com/rooms/plus/6402391
Jana,Venice Beach Guest Studio with Pool and Hot Tub,https://www.airbnb.com/rooms/plus/6438015
Emily,nan,https://www.airbnb.com/rooms/plus/6601652
William,Colorful Spanish Bungalow near the Walk of Fame,https://www.airbnb.com/rooms/plus/6645894
Tucker,nan,https://www.airbnb.com/rooms/plus/6820713
Jesse,California Bungalow by the Sea. Venice,https://www.airbnb.com/rooms/plus/6855200
Jeff & Shannon,Danish Mid-Century Modern Retreat with Zen Space,https://www.airbnb.com/rooms/plus/6886494
Nicole,"Spacious, Airy Redondo Beach House near the Marina",https://www.airbnb.com/rooms/plus/6887909
Sheryl,Comfortable Room in Brentwood Condo Close to UCLA,https://www.airbnb.com/rooms/plus/6916912
Michele And Terry,1924 Spanish Retreat in the Hollywood Hills,https://www.airbnb.com/rooms/plus/7032655
Serena,Studio City Home with Pool and Yoga Room,https://www.airbnb.com/rooms/plus/7117787
Ron,Cozy Beach Cottage in Santa Monica Hills,https://www.airbnb.com/rooms/plus/7226261
Amelia,Sunlit Room in West Hollywood Penthouse Apartment,https://www.airbnb.com/rooms/plus/7413700
Maria Luz,Custom-Built Villa Four Blocks from Venice Beach,https://www.airbnb.com/rooms/plus/7460366
Barb,nan,https://www.airbnb.com/rooms/plus/7464349
Brandon And Shirin,Private Suite in a Luxe Home near Manhattan Beach,https://www.airbnb.com/rooms/plus/7515886
Terry,nan,https://www.airbnb.com/rooms/plus/7561211
Joe,Silver Lake Studio with Breathtaking Views,https://www.airbnb.com/rooms/plus/7563502
Keely,Live the LA Lifestyle in Loft near Metro,https://www.airbnb.com/rooms/plus/7750991
Kelly,Modern Design Loft Close to Downtown LA,https://www.airbnb.com/rooms/plus/7806646
Kelly,Gorgeous Mid-Century Modern Loft with Fire Pit,https://www.airbnb.com/rooms/plus/7807274
Kelly,"Cozy, Rustic Loft with Mid-Century Modern Vibe",https://www.airbnb.com/rooms/plus/7822332
Kelly,Airy Urban Loft in Historic LA,https://www.airbnb.com/rooms/plus/7822859
Lea & Jordan,"Stylish, Cozy Apartment with Outdoor Art Studio",https://www.airbnb.com/rooms/plus/7825315
Angela,nan,https://www.airbnb.com/rooms/plus/7858021
Christina,nan,https://www.airbnb.com/rooms/plus/7872412
Jeff & Shannon,Glam Penthouse Condo with Designer Vibes,https://www.airbnb.com/rooms/plus/7873193
Nick,Country Getaway in LA Close to Beach and Hiking,https://www.airbnb.com/rooms/plus/7918422
Brandon,Open Plan Concept Bungalow near Sunset Boulevard,https://www.airbnb.com/rooms/plus/8014778
Brandon,Stylish Apartment in Hollywood Hills,https://www.airbnb.com/rooms/plus/8014792
Barbra,Amazing Hillside Guesthouse with Spectacular Views,https://www.airbnb.com/rooms/plus/8091589
Kevin & Adriana,Private Modern Guesthouse near Beverly Hills,https://www.airbnb.com/rooms/plus/8213152
Tammy,nan,https://www.airbnb.com/rooms/plus/8342181
Alisa,Tranquil Palisades House with Garden Patio,https://www.airbnb.com/rooms/plus/8371094
Jojo,nan,https://www.airbnb.com/rooms/plus/8387718
Matthew,Explore Silver Lake from a Modern Craftsman,https://www.airbnb.com/rooms/plus/8391582
Brandon And Shirin,Ocean Views from a Spacious Retreat near LAX,https://www.airbnb.com/rooms/plus/8393022
Elena,Classy Condo in Great West Hollywood Setting,https://www.airbnb.com/rooms/plus/8521750
Katherine,nan,https://www.airbnb.com/rooms/plus/8568474
Lauren,Steps to the Beach and Venice Canals,https://www.airbnb.com/rooms/plus/8610414
Yumi And Bill,View the Harbor Lights From Stylish Beach Retreat,https://www.airbnb.com/rooms/plus/8615430
Brad & Sean,Bungalow Two by Open Air Homes,https://www.airbnb.com/rooms/plus/8615847
Brad & Sean,Bungalow Three by Open Air Homes,https://www.airbnb.com/rooms/plus/8615906
Rebecca,nan,https://www.airbnb.com/rooms/plus/8637656
Gillan,"Bright, Airy House Close to Rose Bowl",https://www.airbnb.com/rooms/plus/8655678
Jeremy,Scandinavian Minimalist Apartment near Downtown,https://www.airbnb.com/rooms/plus/8718852
Jeff & Shannon,Capacious Brentwood Penthouse Minutes to the Beach,https://www.airbnb.com/rooms/plus/8719388
Lyn,Secluded 1925 Spanish Villa in Laurel Canyon,https://www.airbnb.com/rooms/plus/8754021
Tara,nan,https://www.airbnb.com/rooms/plus/8890066
Nick,Private Room at Charming Country Farm,https://www.airbnb.com/rooms/plus/8935150
Colin,Walk to York Boulevard from Hip and Cozy Bungalow,https://www.airbnb.com/rooms/plus/8935581
Monochrome,nan,https://www.airbnb.com/rooms/plus/8937688
Barry & Van-Martin,Stylish House Close to Huntington Gardens,https://www.airbnb.com/rooms/plus/8939325
Mike,nan,https://www.airbnb.com/rooms/plus/9134702
Angelique,Spacious Apartment near Venice and Sony Studios,https://www.airbnb.com/rooms/plus/9139954
Ryan And Jennifer,nan,https://www.airbnb.com/rooms/plus/9150395
Jill,nan,https://www.airbnb.com/rooms/plus/9174505
T James,nan,https://www.airbnb.com/rooms/plus/9214165
Michael,Find Peace at a Stunning Mountainside Retreat,https://www.airbnb.com/rooms/plus/9232684
Mark,Charming California Craftsman with Private Casita,https://www.airbnb.com/rooms/plus/9281529
Stephen,"Highland Park Bungalow on 18,000-Square-Foot Plot",https://www.airbnb.com/rooms/plus/9296004
Caroline & Dan,Family Friendly and Cozy Cottage in Los Feliz,https://www.airbnb.com/rooms/plus/9367583
Giovanna,"Watch Palm Trees Sway at a Serene, Sun-Filled Home",https://www.airbnb.com/rooms/plus/9411607
Allison,Spectacular Apartment with Panoramic Views of LA,https://www.airbnb.com/rooms/plus/9449220
Colleen,Cheerful Apartment in Belmont Shore,https://www.airbnb.com/rooms/plus/9473440
Lisa,Remodeled Urban Retreat with Private Patio,https://www.airbnb.com/rooms/plus/9578510
Michael Reilly,Large Architectural Hollywood Studio,https://www.airbnb.com/rooms/plus/9607093
Olufemi,Stylish Artist's Loft with Stunning Views,https://www.airbnb.com/rooms/plus/9625434
Andrew & Alexandra,nan,https://www.airbnb.com/rooms/plus/9653615
Brad,nan,https://www.airbnb.com/rooms/plus/9748673
Josh,Relax in a Luxury Private Oasis in Miracle Mile,https://www.airbnb.com/rooms/plus/9752372
John,Silver Lake Duplex Overlooking the Hollywood Sign,https://www.airbnb.com/rooms/plus/9996741
Aleksandra,Explore Downtown from a Debonair Urban Loft,https://www.airbnb.com/rooms/plus/10002640
Leslie & Daryl,Elegant Suite in a Home with a Sparkling Pool,https://www.airbnb.com/rooms/plus/10017847
Karma,Studio City Townhouse with French-inspired Decor,https://www.airbnb.com/rooms/plus/10075793
Dana,Central Zen Retreat in Upscale Westside Village,https://www.airbnb.com/rooms/plus/10263331
Jamielle,Peaceful Guesthouse near Silver Lake Reservoir,https://www.airbnb.com/rooms/plus/10269315
Anna-Karin & Greg,Spacious Award Winning Mid Century Modern Home,https://www.airbnb.com/rooms/plus/10332866
Rene,nan,https://www.airbnb.com/rooms/plus/10525730
Shannon,nan,https://www.airbnb.com/rooms/plus/10547752
Toni,Stay in a Spanish Revival Apartment near LACMA,https://www.airbnb.com/rooms/plus/10614152
Pamela,Relax in Hollywood Sweet Retreat Apartment,https://www.airbnb.com/rooms/plus/10724034
Cara,nan,https://www.airbnb.com/rooms/plus/10734293
Sepi & Ben,A Peaceful Garden Sanctuary in Venice,https://www.airbnb.com/rooms/plus/10813492
Lisa & Thomas,nan,https://www.airbnb.com/rooms/plus/10886343
Tom,Craftsman Cottage with Tropical Orchid Garden,https://www.airbnb.com/rooms/plus/10902244
Sarah,Contemporary Home with Lush Garden and Hot Tub,https://www.airbnb.com/rooms/plus/10924435
Asia,Oceanfront Condo with Pool and Beach Access,https://www.airbnb.com/rooms/plus/10989318
Annette Passmore,Gorgeous Modern Home in the Hollywood Hills,https://www.airbnb.com/rooms/plus/11018780
Kurt,1920s Hollywood Tudor Apartment Filled with Charm,https://www.airbnb.com/rooms/plus/11070339
Snow,Luxury Villa with Pool in Prime West Hollywood,https://www.airbnb.com/rooms/plus/11169702
Lisa,nan,https://www.airbnb.com/rooms/plus/11187847
Nicolas,Los Feliz Craftsman Oasis,https://www.airbnb.com/rooms/plus/11230266
Cricket,Family Friendly Home with Pool in Hollywood Hills,https://www.airbnb.com/rooms/plus/11373490
"Peter, Michelle And Jackson",Take in Mountain Views from a Tropical Hideaway,https://www.airbnb.com/rooms/plus/11416125
Rick & Victor,Modern Guesthouse Overlooking Downtown LA,https://www.airbnb.com/rooms/plus/11440783
Russ,nan,https://www.airbnb.com/rooms/plus/11497307
Rhonda,Newly Custom Built Home near Rose Bowl,https://www.airbnb.com/rooms/plus/11525048
Diego,Stunning Spanish Villa/Duplex in Hollywood Hills,https://www.airbnb.com/rooms/plus/11554523
Jonelle And David,Petite Private Cottage with Fire Pit,https://www.airbnb.com/rooms/plus/11566255
Anthony,"Stylish, Airy House with Breathtaking Views",https://www.airbnb.com/rooms/plus/11566497
Todd,Spacious Suite in Shared Monrovia Bungalow,https://www.airbnb.com/rooms/plus/11583565
Katherine,nan,https://www.airbnb.com/rooms/plus/11638912
Adee & Itay,Beautiful Mediterranean-Style Venice Beach House,https://www.airbnb.com/rooms/plus/11692361
Ran,"Stylish, Cozy Bungalow with Modern Design",https://www.airbnb.com/rooms/plus/11758188
Joey,Private and Relaxing Casita,https://www.airbnb.com/rooms/plus/11761606
Susan & Jim,Walk to Sandy Beaches from a Blissful Home,https://www.airbnb.com/rooms/plus/11819865
Owen,nan,https://www.airbnb.com/rooms/plus/11926240
Jim,nan,https://www.airbnb.com/rooms/plus/12056105
Allyson,Charming Apartment with Sunny Patio,https://www.airbnb.com/rooms/plus/12114394
Linda,Boho Den on Historic Tree Lined Street,https://www.airbnb.com/rooms/plus/12139409
Kelly And Dave,nan,https://www.airbnb.com/rooms/plus/12149217
Tamara,nan,https://www.airbnb.com/rooms/plus/12233032
Steve & Shirley,nan,https://www.airbnb.com/rooms/plus/12274905
Frank,Escape to a Spacious Home Near Venice Beach,https://www.airbnb.com/rooms/plus/12365857
Nathalie,Luxurious Estate Home with Pool by Beverly Hills,https://www.airbnb.com/rooms/plus/12429683
Josephine,nan,https://www.airbnb.com/rooms/plus/12455412
Bret,Charming Spanish Home in Hollywood Hills,https://www.airbnb.com/rooms/plus/12472500
Michelle,Stay in a Retro 1960's-Inspired Los Angeles Home,https://www.airbnb.com/rooms/plus/12516565
Stacey,Stylish Dreamy 1920s Bungalow with Private Sundeck,https://www.airbnb.com/rooms/plus/12685643
Al,Minimalist NYC Style Penthouse Loft with Skylights,https://www.airbnb.com/rooms/plus/12714144
Matt,Industrial Loft Next to the Convention Center,https://www.airbnb.com/rooms/plus/12757706
Craig,nan,https://www.airbnb.com/rooms/plus/12806624
Corinne,"Culver City, Close to Metro and Studios",https://www.airbnb.com/rooms/plus/12810722
Julian,"Open, Artistic Home with Garden in Silver Lake",https://www.airbnb.com/rooms/plus/12815482
Shannon,Magical Hillside Home near Griffith Observatory,https://www.airbnb.com/rooms/plus/12870890
Sebastian,nan,https://www.airbnb.com/rooms/plus/12901803
Roxanna,nan,https://www.airbnb.com/rooms/plus/12902143
Todd And Kimberly,Hilltop Airstream Retreat with Gorgeous Views,https://www.airbnb.com/rooms/plus/12934547
Eileen And Nick,Spacious Mid Century Home with Pool and Spa,https://www.airbnb.com/rooms/plus/13001874
Vivian,"Cozy, Smart Tech Room in Chic Hollywood Home",https://www.airbnb.com/rooms/plus/13021970
Lea & J.J.,Tour Venice Beach from an Impressive Home,https://www.airbnb.com/rooms/plus/13031958
Laurie,Centrally Located Historic Hollywood Cottage,https://www.airbnb.com/rooms/plus/13084627
Joanne,Designer Guesthouse with Pool and Patio,https://www.airbnb.com/rooms/plus/13115186
Ellen,Beautiful Convenient Santa Monica Townhouse,https://www.airbnb.com/rooms/plus/13157375
Ted,$4.5M Modern Jetliner City Views New Construction,https://www.airbnb.com/rooms/plus/13168316
Madison,Vibrant Street View Apartment with Two Balconies,https://www.airbnb.com/rooms/plus/13192421
Jim,"Upscale, Luxurious Apartment in Beverly Hills",https://www.airbnb.com/rooms/plus/13212611
Rosie + Torry,nan,https://www.airbnb.com/rooms/plus/13222856
Rachel,nan,https://www.airbnb.com/rooms/plus/13238452
Indra,nan,https://www.airbnb.com/rooms/plus/13292266
Carolyn,New Craftsman-Style Studio in a Historic Area,https://www.airbnb.com/rooms/plus/13301943
Romina,Relaxed Poolside Living at a Cozy Canoga Park Room,https://www.airbnb.com/rooms/plus/13311005
Darlene,nan,https://www.airbnb.com/rooms/plus/13312011
Matt,Private Bel Air Guesthouse Studio Suite,https://www.airbnb.com/rooms/plus/13324754
Isabelle,Zen Calm & Luxury in Venice,https://www.airbnb.com/rooms/plus/13344774
HankBaby,nan,https://www.airbnb.com/rooms/plus/13397015
Jonah,nan,https://www.airbnb.com/rooms/plus/13432842
Jonah,nan,https://www.airbnb.com/rooms/plus/13433094
Linda,nan,https://www.airbnb.com/rooms/plus/13492765
Jonah,nan,https://www.airbnb.com/rooms/plus/13496015
Jonah,nan,https://www.airbnb.com/rooms/plus/13496358
Jonah,nan,https://www.airbnb.com/rooms/plus/13525898
Jonah,nan,https://www.airbnb.com/rooms/plus/13526649
Jonah,"Airy, Modern Apartment with Garden Views G01",https://www.airbnb.com/rooms/plus/13526915
Joe,nan,https://www.airbnb.com/rooms/plus/13545481
Jami,nan,https://www.airbnb.com/rooms/plus/13590617
Jeff & Shannon,"Crisp, Clean Penthouse Apartment near the Beach",https://www.airbnb.com/rooms/plus/13602171
Eunice,"Cozy, Sunny Studio near Many Restaurants and Bars",https://www.airbnb.com/rooms/plus/13643203
Kelly And Dave,nan,https://www.airbnb.com/rooms/plus/13675662
Rob & Barri,Welcoming Guesthouse with Pool in Encino,https://www.airbnb.com/rooms/plus/13685867
Cat&Robbie,"Bright, Colorful Retreat near the Hollywood Sign",https://www.airbnb.com/rooms/plus/13746947
Will,nan,https://www.airbnb.com/rooms/plus/13762221
Jason,nan,https://www.airbnb.com/rooms/plus/13762581
Jane,nan,https://www.airbnb.com/rooms/plus/13772333
Jim,1930s Garden Guest House in Historic Neighborhood,https://www.airbnb.com/rooms/plus/13801439
Luis,nan,https://www.airbnb.com/rooms/plus/13802014
Michele,nan,https://www.airbnb.com/rooms/plus/13829923
Robby,Stay near Melrose Place in a Serene Room,https://www.airbnb.com/rooms/plus/13847251
At-Homeness Vacation Rentals,Venice Modern in the Trees,https://www.airbnb.com/rooms/plus/13874816
Christine,Serenity in Private Bungalow near Griffith Park,https://www.airbnb.com/rooms/plus/14016400
Evelien,nan,https://www.airbnb.com/rooms/plus/14093625
Victoria,Spacious Townhouse in the West Hollywood Area,https://www.airbnb.com/rooms/plus/14104117
Tatiana,Malibu Getaway with White Water Ocean Views,https://www.airbnb.com/rooms/plus/14106692
Five Star Rentals ⭐️⭐️⭐️⭐️⭐️,"Hip, Sunny House in Atwater Village",https://www.airbnb.com/rooms/plus/14125614
Five Star Rentals ⭐️⭐️⭐️⭐️⭐️,"Relax in a Crisp, Clean Retreat in Atwater Village",https://www.airbnb.com/rooms/plus/14138405
Evan,Tranquil Hillside House with Deck and Guesthouse,https://www.airbnb.com/rooms/plus/14178882
David,Oceanfront Malibu Townhouse on Quiet Road,https://www.airbnb.com/rooms/plus/14220873
Camilla,"Bright, Boutique-Style Guesthouse in Silver Lake",https://www.airbnb.com/rooms/plus/14232433
Scott,nan,https://www.airbnb.com/rooms/plus/14280686
Kat,nan,https://www.airbnb.com/rooms/plus/14359782
Jason,Luxurious Guesthouse in West Hollywood,https://www.airbnb.com/rooms/plus/14374893
Lindsey,nan,https://www.airbnb.com/rooms/plus/14389512
Holly,nan,https://www.airbnb.com/rooms/plus/14405224
D,Get Bohemian Vibes at an Artist's Hollywood Home,https://www.airbnb.com/rooms/plus/14447855
Olivia,nan,https://www.airbnb.com/rooms/plus/14453043
Nicky,Hip Apartment Just a Short Walk from Beverly Hills,https://www.airbnb.com/rooms/plus/14453259
Breeze,Stroll Abbot Kinney from Charming Vintage House,https://www.airbnb.com/rooms/plus/14484030
Breeze,Ocean Breeze House near Abbot Kinney,https://www.airbnb.com/rooms/plus/14487091
John & Jenn,Opulent Hillside Home with Pool and Ocean Views,https://www.airbnb.com/rooms/plus/14589262
Jeff & Shannon,Designer Penthouse on the Miracle Mile,https://www.airbnb.com/rooms/plus/14591807
Darren,nan,https://www.airbnb.com/rooms/plus/14595540
Ingmar And Meg,"Cozy, Historic Bungalow Close to Beach",https://www.airbnb.com/rooms/plus/14628935
Matthew,Private Studio Guesthouse,https://www.airbnb.com/rooms/plus/14629085
Trevor,Hollywood Hills Villa with Breathtaking Views,https://www.airbnb.com/rooms/plus/14629783
Michael,nan,https://www.airbnb.com/rooms/plus/14634810
Omar & Kristina,Historic Beach Bungalow steps from the Sand,https://www.airbnb.com/rooms/plus/14690672
LEVEL Furnished Living,"Wake Up to City Views in a Stylish, Modern Home",https://www.airbnb.com/rooms/plus/14711795
Chris,nan,https://www.airbnb.com/rooms/plus/14714030
L. & N.,Romantic Cottage Sanctuary in Pasadena,https://www.airbnb.com/rooms/plus/14716365
Ari,Sleek Loft Apartment in Beverly Grove,https://www.airbnb.com/rooms/plus/14746690
Scott,Classic Craftsman in Echo Park Close to Downtown,https://www.airbnb.com/rooms/plus/14801602
Matt,Bike to Venice Beach from This Modern Cabin,https://www.airbnb.com/rooms/plus/14883660
Matt & Tatiana,nan,https://www.airbnb.com/rooms/plus/14898029
Erica,nan,https://www.airbnb.com/rooms/plus/14920207
Hanan,Head to Beverly Hills from a Stylish Airstream,https://www.airbnb.com/rooms/plus/14936445
Marty,Studio Apartment with Private Patio,https://www.airbnb.com/rooms/plus/14980501
Kevin,nan,https://www.airbnb.com/rooms/plus/15004626
Sergio,"Charming, Cozy Guesthouse in Pasadena",https://www.airbnb.com/rooms/plus/15036836
Robert,Private Modern Guesthouse near Mulholland Drive,https://www.airbnb.com/rooms/plus/15036975
Howard,nan,https://www.airbnb.com/rooms/plus/15045004
Tara,nan,https://www.airbnb.com/rooms/plus/15054567
Ingmar And Meg,nan,https://www.airbnb.com/rooms/plus/15058914
Indra,Find Seclusion in a Converted Theater Downtown,https://www.airbnb.com/rooms/plus/15070636
Pat,Stylish Rose Bowl Mission Home,https://www.airbnb.com/rooms/plus/15084905
Cat&Robbie,Treetop Hideaway in the Heart of LA,https://www.airbnb.com/rooms/plus/15098476
Pete,Cozy Hillside Cabin in Silverlake / Echo Park,https://www.airbnb.com/rooms/plus/15101750
Collin,nan,https://www.airbnb.com/rooms/plus/15197194
Juliette,"Unwind in a Charming, Rustic Home in Encino",https://www.airbnb.com/rooms/plus/15265380
Sean,Zen Cottage in Silver Lake with Meditation Patio,https://www.airbnb.com/rooms/plus/15300558
Aviva,Rest and Relaxation Retreat with a Pool in Tarzana,https://www.airbnb.com/rooms/plus/15303274
Jason,nan,https://www.airbnb.com/rooms/plus/15356852
Philipp,Bright Euro Style House in Venice Beach,https://www.airbnb.com/rooms/plus/15396645
Kevin & Pamela,nan,https://www.airbnb.com/rooms/plus/15422273
Perle Paris,Relax at a High Fashion-Inspired Hollywood Condo,https://www.airbnb.com/rooms/plus/15448633
LEVEL Furnished Living,"See LA Live from Light, Modern Serviced Studio",https://www.airbnb.com/rooms/plus/15449574
Katerina & Konstantin,nan,https://www.airbnb.com/rooms/plus/15455601
Hilary,Walk to the Beach from a Retro Midcentury Studio,https://www.airbnb.com/rooms/plus/15471576
Coleman,Artist's Guesthouse with a Charming Garden Patio,https://www.airbnb.com/rooms/plus/15485898
Jeremy,Urban Scandinavian Chic Apartment,https://www.airbnb.com/rooms/plus/15547476
Carlos,nan,https://www.airbnb.com/rooms/plus/15552932
Paul & Kate,Spacious and Bright Designer Getaway with Yard,https://www.airbnb.com/rooms/plus/15554271
Juli,nan,https://www.airbnb.com/rooms/plus/15572690
Rai,Contemporary Hillside Home with View,https://www.airbnb.com/rooms/plus/15599023
Paul & Kate,nan,https://www.airbnb.com/rooms/plus/15646819
TheKentLA,"Bright, Stylish Apartment Close to Sunset/Park",https://www.airbnb.com/rooms/plus/15701848
Jason & Andrew,nan,https://www.airbnb.com/rooms/plus/15734223
Mani,Exclusive Vintage Getaway Nestled in Runyon Canyon,https://www.airbnb.com/rooms/plus/15801033
Keren,nan,https://www.airbnb.com/rooms/plus/15805871
Injae,"Bright, Private Room in a West Hollywood Apartment",https://www.airbnb.com/rooms/plus/15819651
T,Breezy Cottage One Block from the Beach,https://www.airbnb.com/rooms/plus/15835252
Charles,"Soak Up the Cozy, Mid-Century Feel in Sierra Madre",https://www.airbnb.com/rooms/plus/15843519
Kirby,nan,https://www.airbnb.com/rooms/plus/15855728
Lynne,nan,https://www.airbnb.com/rooms/plus/15902977
Kimberly,Cozy & Private Home with Spacious Backyard & Bbq.,https://www.airbnb.com/rooms/plus/15915760
Andrew,nan,https://www.airbnb.com/rooms/plus/15955618
Five Star Rentals ⭐️⭐️⭐️⭐️⭐️,nan,https://www.airbnb.com/rooms/plus/16005864
Anthony,nan,https://www.airbnb.com/rooms/plus/16039573
Lisa,"Private, Spacious Apartment with Sunny Patio",https://www.airbnb.com/rooms/plus/16087548
Tommy,Cozy Guesthouse Close to the Beach and LAX,https://www.airbnb.com/rooms/plus/16132210
Joe,Spectacular Beach Area Contemporary Penthouse,https://www.airbnb.com/rooms/plus/16161788
Larissa,The Silver Lake Studio,https://www.airbnb.com/rooms/plus/16189600
Eva,nan,https://www.airbnb.com/rooms/plus/16230857
Josh,Stunning Guest Apartment with Private Entrance,https://www.airbnb.com/rooms/plus/16237571
Andrea & David,Sun-Filled Venice Beach Home and Backyard Oasis,https://www.airbnb.com/rooms/plus/16242395
Steve + Lee,nan,https://www.airbnb.com/rooms/plus/16253685
Henry,nan,https://www.airbnb.com/rooms/plus/16287901
Michelle,nan,https://www.airbnb.com/rooms/plus/16287968
Cathy,nan,https://www.airbnb.com/rooms/plus/16314058
John And Deena,Resort-Style Guesthouse with Pool and Patio,https://www.airbnb.com/rooms/plus/16334829
Maria,nan,https://www.airbnb.com/rooms/plus/16351967
John And Deena,nan,https://www.airbnb.com/rooms/plus/16375084
Grandpre Hospitality,Bright and Comfortable Apartment in Westwood,https://www.airbnb.com/rooms/plus/16407580
Pat,Creative Maven's Nest,https://www.airbnb.com/rooms/plus/16426795
Dana,nan,https://www.airbnb.com/rooms/plus/16490813
April,nan,https://www.airbnb.com/rooms/plus/16597173
Jone,nan,https://www.airbnb.com/rooms/plus/16638219
Karilyn,Charming Home with a Grand Piano in North Pasadena,https://www.airbnb.com/rooms/plus/16651582
Jason & Andrew,nan,https://www.airbnb.com/rooms/plus/16673011
Lily & Eric,Bright Los Feliz Pool House with Outdoor Kitchen,https://www.airbnb.com/rooms/plus/16735163
Karilyn,nan,https://www.airbnb.com/rooms/plus/16791699
Maria,Spa-Like Mid-Century Modern Retreat Close to Metro,https://www.airbnb.com/rooms/plus/16810491
James,Contemporary Vintage with Great View,https://www.airbnb.com/rooms/plus/16811807
Teresa,nan,https://www.airbnb.com/rooms/plus/16831201
Indra,nan,https://www.airbnb.com/rooms/plus/16842606
Jessie,Sunlit Silver Lake Craftsman near Sunset Junction,https://www.airbnb.com/rooms/plus/16855285
Loni,nan,https://www.airbnb.com/rooms/plus/16872492
David,Beachfront Townhouse with Stunning Ocean Views,https://www.airbnb.com/rooms/plus/16912825
Elliott,Quiet Suite in Classic Venice Home with Lush Yard,https://www.airbnb.com/rooms/plus/16917699
Perle Paris,nan,https://www.airbnb.com/rooms/plus/16925600
Jennifer,Stylish Cozy One Bedroom Apartment by UCLA,https://www.airbnb.com/rooms/plus/16933988
Valerie,Oceanfront Malibu Bungalow Twelve,https://www.airbnb.com/rooms/plus/16945718
Dale,nan,https://www.airbnb.com/rooms/plus/17025789
Rasmus,"Classic, Spacious Flat in Renovated 1939 Home",https://www.airbnb.com/rooms/plus/17047221
Mrt,"Cozy, Artistic Downtown Loft",https://www.airbnb.com/rooms/plus/17118874
Valerie,Tranquil Suite in a West Los Angeles Bungalow,https://www.airbnb.com/rooms/plus/17118906
David,Malibu Townhouse Right on the Sand,https://www.airbnb.com/rooms/plus/17135591
Matt,South American-Inspired Villa in Silver Lake,https://www.airbnb.com/rooms/plus/17177688
Matt + Belle,Sunny Home with a Vine-covered Porch,https://www.airbnb.com/rooms/plus/17224886
Bainbridge,Rustic Studio with Private Garden Patio,https://www.airbnb.com/rooms/plus/17286928
Josh And Karla,nan,https://www.airbnb.com/rooms/plus/17304055
Carolyn,Stylish Modern Guesthouse Close to the Metro,https://www.airbnb.com/rooms/plus/17331620
Rhonda,West LA Architectural Gem with En Suite Bath,https://www.airbnb.com/rooms/plus/17347454
Misty,nan,https://www.airbnb.com/rooms/plus/17443238
Helen,nan,https://www.airbnb.com/rooms/plus/17451933
Maggie,nan,https://www.airbnb.com/rooms/plus/17463149
Bianca,nan,https://www.airbnb.com/rooms/plus/17466362
Emily,E&E’s B&B,https://www.airbnb.com/rooms/plus/17477512
Jessa,nan,https://www.airbnb.com/rooms/plus/17478068
Kimberly,Relax in a Hipster Loft Apartment,https://www.airbnb.com/rooms/plus/17493995
Rex,Across the Street from the Beach Getaway,https://www.airbnb.com/rooms/plus/17570773
Gerald And Eva,The Silver Lake Guesthouse,https://www.airbnb.com/rooms/plus/17572429
Sandra,Elegant Marina Canal Home with Rooftop Terrace,https://www.airbnb.com/rooms/plus/17602292
Loni,nan,https://www.airbnb.com/rooms/plus/17605724
Ashley,"Dog-Friendly, Stylish, Clean Guesthouse",https://www.airbnb.com/rooms/plus/17621557
Kareen,Best Reviews at Serene Guest Suite in Silver Lake,https://www.airbnb.com/rooms/plus/17622948
Modern Villas,"Luxurious, Moroccan-Style Home with Walkout Patio",https://www.airbnb.com/rooms/plus/17640201
Lily,Bright and Spacious House in Silver Lake,https://www.airbnb.com/rooms/plus/17651103
Michelle,nan,https://www.airbnb.com/rooms/plus/17652897
Talia,nan,https://www.airbnb.com/rooms/plus/17670660
Johnathan,"Private, Peaceful and Newly Remodeled Guesthouse",https://www.airbnb.com/rooms/plus/17720138
Vince,Soak Up the LA Feel from a Private Pool Home,https://www.airbnb.com/rooms/plus/17721005
Doris,Cozy Apartment with Views of Santa Monica Beach,https://www.airbnb.com/rooms/plus/17732415
Matthew,"Contemporary, Spanish-Style House",https://www.airbnb.com/rooms/plus/17732443
Russell,Jog to the Reservoir from This Silver Lake Suite,https://www.airbnb.com/rooms/plus/17749444
Brad,Private Bungalow with a Great View,https://www.airbnb.com/rooms/plus/17763283
Alex,Zen Studio in Venice Craftsman,https://www.airbnb.com/rooms/plus/17811121
Alyssa,"Bright, Vintage-Inspired Bungalow with Backyard",https://www.airbnb.com/rooms/plus/17824136
Albert,nan,https://www.airbnb.com/rooms/plus/17832525
Patrick,nan,https://www.airbnb.com/rooms/plus/17860272
Jonah,nan,https://www.airbnb.com/rooms/plus/17890075
Jonah,Recharge in the Spa at a Westwood Hideaway G06,https://www.airbnb.com/rooms/plus/17891233
T James,Walk to Melrose Ave from an Elegant Duplex,https://www.airbnb.com/rooms/plus/17922600
Mathilda,nan,https://www.airbnb.com/rooms/plus/17929995
Modern Villas,nan,https://www.airbnb.com/rooms/plus/17960169
Christiane,"Visit Venice Beach from a Bright, Light Apartment",https://www.airbnb.com/rooms/plus/17964490
Paulina & Chris,nan,https://www.airbnb.com/rooms/plus/17991480
Heather,Room in Luxurious Townhouse with Garage Parking,https://www.airbnb.com/rooms/plus/17996380
Modern Villas,Live on Top of the World in the Hollywood Hills,https://www.airbnb.com/rooms/plus/17996884
Keren,Make Memories in a Modern Villa in Westwood,https://www.airbnb.com/rooms/plus/18025793
Tamryn,Bright Hillside Studio with Leafy Gardens,https://www.airbnb.com/rooms/plus/18039794
Logan & Katherine,nan,https://www.airbnb.com/rooms/plus/18109247
Betty,nan,https://www.airbnb.com/rooms/plus/18126335
TheKentLA,Walk to Echo Park Lake from a Cozy Retreat/Reno,https://www.airbnb.com/rooms/plus/18158434
Alex,Mid-Century Modern Apartment with Balcony,https://www.airbnb.com/rooms/plus/18159407
Jennifer,Delightful Space in Woodland Hills,https://www.airbnb.com/rooms/plus/18180752
Chaele,Charming Silver Lake Bungalow with Private Garden,https://www.airbnb.com/rooms/plus/18252139
Caren,Walk to Zuma Beach from an Upscale Malibu Home,https://www.airbnb.com/rooms/plus/18253804
A.,Blackbird Rustic Modern Cabin with Patio,https://www.airbnb.com/rooms/plus/18323602
Mika,Ave 33 Tree House,https://www.airbnb.com/rooms/plus/18326356
Michael,nan,https://www.airbnb.com/rooms/plus/18330343
Kate,"Bright, Elegant West Hollywood House with a Patio",https://www.airbnb.com/rooms/plus/18353783
Valerie,nan,https://www.airbnb.com/rooms/plus/18356636
Amber & Eric,Vintage Western-Style House in Glendale,https://www.airbnb.com/rooms/plus/18397286
Katie,nan,https://www.airbnb.com/rooms/plus/18429906
Sean,nan,https://www.airbnb.com/rooms/plus/18430859
Pedro,nan,https://www.airbnb.com/rooms/plus/18434837
Chris,Arts and Crafts House Bursting with Character,https://www.airbnb.com/rooms/plus/18483529
Jill,nan,https://www.airbnb.com/rooms/plus/18506229
Ranaldi,Eclectic Home a Few Minutes to Downtown Long Beach,https://www.airbnb.com/rooms/plus/18507760
Ebet,nan,https://www.airbnb.com/rooms/plus/18507809
Sean,nan,https://www.airbnb.com/rooms/plus/18548365
Ej,nan,https://www.airbnb.com/rooms/plus/18634217
Haley,Inviting Boutique Apartment in Downtown Long Beach,https://www.airbnb.com/rooms/plus/18652451
Jill,Dine Under the Stars in Hollywood Hills Guesthouse,https://www.airbnb.com/rooms/plus/18669432
Keren,nan,https://www.airbnb.com/rooms/plus/18709822
Jared,Hilltop Midcentury House near Silverlake Reservoir,https://www.airbnb.com/rooms/plus/18755883
Danny,Magnificent Hillside Home with Panoramic Views,https://www.airbnb.com/rooms/plus/18775776
Tamara,Elegant and Contemporary Room in Glamorous Home,https://www.airbnb.com/rooms/plus/18778269
Mary K,nan,https://www.airbnb.com/rooms/plus/18791264
Randi,Spacious Estate in Royal Oaks with Fabulous Views,https://www.airbnb.com/rooms/plus/18793469
Colette,The Scarlet Dahlia,https://www.airbnb.com/rooms/plus/18793627
Arielle,Peaceful Guest House Retreat in the Heart of LA,https://www.airbnb.com/rooms/plus/18808986
Zack,Hacienda-Style Villa Close to Central Hollywood,https://www.airbnb.com/rooms/plus/18871629
Jonathan,"Peaceful, Bespoke Hollywoodland Casita Retreat",https://www.airbnb.com/rooms/plus/18947172
Mirelly,nan,https://www.airbnb.com/rooms/plus/18949683
Lesha,nan,https://www.airbnb.com/rooms/plus/18972779
Nathalie,nan,https://www.airbnb.com/rooms/plus/18977532
Ruby,"Bright, Immaculate Dreamspace with a Blush Kitchen",https://www.airbnb.com/rooms/plus/19034229
Marc,Ultra Premium High Tech Oceanfront Home,https://www.airbnb.com/rooms/plus/19058680
Alison,Colorful Pool House Retreat in Los Angeles,https://www.airbnb.com/rooms/plus/19059058
Jason & Andrew,nan,https://www.airbnb.com/rooms/plus/19084267
Jason & Andrew,nan,https://www.airbnb.com/rooms/plus/19086049
Olga,nan,https://www.airbnb.com/rooms/plus/19120523
Chet,Charming Country-Inspired Home near Hollywood,https://www.airbnb.com/rooms/plus/19122381
Kevin,nan,https://www.airbnb.com/rooms/plus/19157088
Colin And Christie,nan,https://www.airbnb.com/rooms/plus/19160343
Tiffany,Breathtaking View in the Heart of Hip Silver Lake,https://www.airbnb.com/rooms/plus/19270386
Catherine,Mid-Century Inspired Urban Retreat with Backyard,https://www.airbnb.com/rooms/plus/19274405
Thomas,Quirky Studio Loft Close to Universal Studios,https://www.airbnb.com/rooms/plus/19305404
Kevin,nan,https://www.airbnb.com/rooms/plus/19310534
Scott,Renovated Silver Lake House with Private Backyard,https://www.airbnb.com/rooms/plus/19311232
Carina,Boho Dream Come True in Koreatown,https://www.airbnb.com/rooms/plus/19367013
Otto,New Stunning Luxury Home near Hollywood Bowl,https://www.airbnb.com/rooms/plus/19408452
Rani,Private Room in Quiet Home with Backyard Patio,https://www.airbnb.com/rooms/plus/19432704
Sara,nan,https://www.airbnb.com/rooms/plus/19443610
Jalda,nan,https://www.airbnb.com/rooms/plus/19458459
Jeff & Shannon,Designer Minimalist Condominium with Chic Ambiance,https://www.airbnb.com/rooms/plus/19505490
Loni,Monthly Modern Home with Balcony near Rodeo Drive,https://www.airbnb.com/rooms/plus/19530988
Paula,Bright and Relaxed House near Sunset Boulevard,https://www.airbnb.com/rooms/plus/19576068
Heather,nan,https://www.airbnb.com/rooms/plus/19588463
Casey,Lrge Luxury Tuscan Villa Style Condo W/ Huge Patio,https://www.airbnb.com/rooms/plus/19593884
Hilary,nan,https://www.airbnb.com/rooms/plus/19606342
Heather,Silver Lake Mid-century Nestled in the Treetops,https://www.airbnb.com/rooms/plus/19621931
Michael,"Vibrant, Historic Home Near Griffith Observatory",https://www.airbnb.com/rooms/plus/19634246
Matthew,Boutique Spanish Architecture Style Bungalow,https://www.airbnb.com/rooms/plus/19703048
Lily,nan,https://www.airbnb.com/rooms/plus/19719189
Anne And John,nan,https://www.airbnb.com/rooms/plus/19719748
Lou And Brigitte,"Bright, Cheerful, and Cozy Craftsman House",https://www.airbnb.com/rooms/plus/19734618
Bryan,Sunny Spanish Venice Walk Street Area Home,https://www.airbnb.com/rooms/plus/19769960
Todd,Modern Venice Guest House in the Perfect Location,https://www.airbnb.com/rooms/plus/19799224
David Wai,nan,https://www.airbnb.com/rooms/plus/19858023
Luxury Mansion Rentals,"Luxe Villa with City View, Pool/Spa & Game Room",https://www.airbnb.com/rooms/plus/19860798
Mick,nan,https://www.airbnb.com/rooms/plus/19871693
Cheryl,Hollywood Hills Zen Retreat with Gorgeous Views,https://www.airbnb.com/rooms/plus/19943503
Ben & Irma,Relaxing Guesthouse to Historic Craftsman Home,https://www.airbnb.com/rooms/plus/19949001
Giselle,Historic Beach Home with Private Backyard Patio,https://www.airbnb.com/rooms/plus/20010411
Omar & Kristina,nan,https://www.airbnb.com/rooms/plus/20033603
Greta,Charming Studio Between LA and Disney,https://www.airbnb.com/rooms/plus/20058342
Candida & Jeff,Desert-Inspired Bungalow with Backyard,https://www.airbnb.com/rooms/plus/20072089
Kari,Mod Pop-Art Pad in Silver Lake with a Park View,https://www.airbnb.com/rooms/plus/20123382
Liana,East Hollywood Cottage close to Metro Red Line,https://www.airbnb.com/rooms/plus/20170698
Evan,nan,https://www.airbnb.com/rooms/plus/20214390
Harold & Monica,Modern Hollywood Hills Home Pool Lake & Sign Views,https://www.airbnb.com/rooms/plus/20215545
"Shirley, Dean & Devlyn","Stylish, comfortable Studio with Mountain Views",https://www.airbnb.com/rooms/plus/20235353
Chad,Modern Guest Suite in Trendy Highland Park,https://www.airbnb.com/rooms/plus/20237642
Jane,nan,https://www.airbnb.com/rooms/plus/20254640
Jeff & Shannon,Walk to LACMA from a Designer Condo,https://www.airbnb.com/rooms/plus/20270972
Carmen,Charming Beach House Cottage with Outdoor Patio,https://www.airbnb.com/rooms/plus/20303277
Shannon + Raphael,Charming Hillside California Bungalow-Eagle Rock,https://www.airbnb.com/rooms/plus/20306212
Janey,Historically Preserved 1920s Hollywood House,https://www.airbnb.com/rooms/plus/20330519
Daniel,nan,https://www.airbnb.com/rooms/plus/20405613
David,Beachfront Retreat with Patio in Playa del Rey,https://www.airbnb.com/rooms/plus/20452318
Jeff & Shannon,Airy Designer Penthouse Condo near the Beach,https://www.airbnb.com/rooms/plus/20525576
Friciveri,nan,https://www.airbnb.com/rooms/plus/20533340
Duncan,nan,https://www.airbnb.com/rooms/plus/20539241
Katy-Rent My LA Pad,Panoramic Views & Infinity Pool,https://www.airbnb.com/rooms/plus/20541631
Heather,nan,https://www.airbnb.com/rooms/plus/20542326
Kari,nan,https://www.airbnb.com/rooms/plus/20572447
Cedar,nan,https://www.airbnb.com/rooms/plus/20600426
Greg Thames,nan,https://www.airbnb.com/rooms/plus/20653844
Kari,Elegant and Modern Walk-Up Home with Balcony,https://www.airbnb.com/rooms/plus/20654833
Heather,The Lloyd Retreat - Chic Hollywood Hills Home,https://www.airbnb.com/rooms/plus/20680555
Melanie,Unwind in a Chic Arts District Loft,https://www.airbnb.com/rooms/plus/20694943
Don & Adrian,nan,https://www.airbnb.com/rooms/plus/20696208
Julie,Guest Suite in Hillside Brentwood Home,https://www.airbnb.com/rooms/plus/20727197
Grace,nan,https://www.airbnb.com/rooms/plus/20818425
Jane,nan,https://www.airbnb.com/rooms/plus/20876654
Mario & Ivette,nan,https://www.airbnb.com/rooms/plus/20881037
Gal,California Modern House near Universal Studios,https://www.airbnb.com/rooms/plus/20883319
David,nan,https://www.airbnb.com/rooms/plus/20888375
Joel,"Luxurious, Secluded Guest House in Windsor Hills",https://www.airbnb.com/rooms/plus/20898038
Melissa,Relaxing Retreat in the Heart of Silverlake,https://www.airbnb.com/rooms/plus/20902770
Dan,Live Like a Local in Hip Central Venice Home,https://www.airbnb.com/rooms/plus/20915617
Ceci Mellon,Rustic Boho Guest Suite in Townhouse,https://www.airbnb.com/rooms/plus/20916761
Jay,Fantastic Apartment Central to West LA and Venice,https://www.airbnb.com/rooms/plus/20929405
Linda,"Casa Carmona, a Mid-City Garden Oasis near Museums",https://www.airbnb.com/rooms/plus/20933588
Peter,nan,https://www.airbnb.com/rooms/plus/20959885
Andy,Mid-Century Bohemian Chic in Hollywood's Heart,https://www.airbnb.com/rooms/plus/20962173
Jimmy & Victor,nan,https://www.airbnb.com/rooms/plus/20972533
Sam,nan,https://www.airbnb.com/rooms/plus/20985173
Jone,Contemporary Design Apartment with Backyard Space,https://www.airbnb.com/rooms/plus/20985214
Randy,nan,https://www.airbnb.com/rooms/plus/21008223
Tiffany,Hip Silver Lake Escape with Sweeping Terrace View,https://www.airbnb.com/rooms/plus/21039207
Ryan,Explore the City From a Midcentury Hollywood House,https://www.airbnb.com/rooms/plus/21046659
Allison And Aaron,Bohemian Bungalow,https://www.airbnb.com/rooms/plus/21067735
Emma,Long Term Furnish Condo-Rental,https://www.airbnb.com/rooms/plus/21124229
John,nan,https://www.airbnb.com/rooms/plus/21135753
Amir,Hilltop Bel Air Estate with Pool,https://www.airbnb.com/rooms/plus/21136781
Alicia,Santa Monica Beach Retreat,https://www.airbnb.com/rooms/plus/21140514
Shelby,"Chic, Contemporary Home in the West Side of LA",https://www.airbnb.com/rooms/plus/21152172
Stuart,nan,https://www.airbnb.com/rooms/plus/21153006
Jeff And Chealy,nan,https://www.airbnb.com/rooms/plus/21206393
Michael,Historical Mediterranean Home near Urban Lights,https://www.airbnb.com/rooms/plus/21217388
Eric,"Peaceful, Neutral Apartment near Sunset Junction",https://www.airbnb.com/rooms/plus/21228458
Holly,Stylish Guest House in Larchmont Village,https://www.airbnb.com/rooms/plus/21267896
Rai,"Spacious, Trendy Glendale Home near Studios",https://www.airbnb.com/rooms/plus/21269177
Tom,"Bright, Luxury Beach House near Santa Monica Pier",https://www.airbnb.com/rooms/plus/21296775
Natalie,Live the High Life at a Glamorous Koreatown Condo,https://www.airbnb.com/rooms/plus/21297076
Jade,Architects House in Venice Beach,https://www.airbnb.com/rooms/plus/21344226
Brad & Sean,Venice Contemporary by Open Air Homes,https://www.airbnb.com/rooms/plus/21344900
Trevor,"Relax into Life at a Bright, Boho Venice Oasis",https://www.airbnb.com/rooms/plus/21365754
Gillan,Poolside Oasis in La Canada Flintridge,https://www.airbnb.com/rooms/plus/21384466
Allie,nan,https://www.airbnb.com/rooms/plus/21394197
Maria,nan,https://www.airbnb.com/rooms/plus/21435472
Udo,Explore Long Beach from a Historic Garden Oasis,https://www.airbnb.com/rooms/plus/21439856
Frankie,Mid-Century Craftsman Beach Oasis,https://www.airbnb.com/rooms/plus/21450135
Frankie,Palm De La Playa,https://www.airbnb.com/rooms/plus/21450554
Jennifer,Artsy Boutique Home in Woodland Hills,https://www.airbnb.com/rooms/plus/21460751
Hilary,nan,https://www.airbnb.com/rooms/plus/21462211
Jeremy,Explore LA's Chinatown from a Chic Space,https://www.airbnb.com/rooms/plus/21473587
Eddie & Kris,nan,https://www.airbnb.com/rooms/plus/21518723
Adam,"Explore Silver Lake from a Bright, Eclectic Condo",https://www.airbnb.com/rooms/plus/21529663
Susan,Cozy up at an Elegant Hideaway near Naples Canal,https://www.airbnb.com/rooms/plus/21542085
Jon & Megan,nan,https://www.airbnb.com/rooms/plus/21548034
Cleo,nan,https://www.airbnb.com/rooms/plus/21566876
Sibel,nan,https://www.airbnb.com/rooms/plus/21568397
Britt & Elmer,Quaint Guest Cottage close to Hiking Trails,https://www.airbnb.com/rooms/plus/21597049
Verena,Breezy Venice Guesthouse with a Rooftop Terrace,https://www.airbnb.com/rooms/plus/21647773
Brad,nan,https://www.airbnb.com/rooms/plus/21677350
Darren,nan,https://www.airbnb.com/rooms/plus/21679388
Chloe + David,nan,https://www.airbnb.com/rooms/plus/21681012
Jay,Explore the City from a Sunny Palms Apartment,https://www.airbnb.com/rooms/plus/21692690
Rick,nan,https://www.airbnb.com/rooms/plus/21694423
Joshua,nan,https://www.airbnb.com/rooms/plus/21698405
Yelitza,nan,https://www.airbnb.com/rooms/plus/21702009
Darren,nan,https://www.airbnb.com/rooms/plus/21726595
Christina,nan,https://www.airbnb.com/rooms/plus/21729168
Robin,nan,https://www.airbnb.com/rooms/plus/21745987
Stephen,nan,https://www.airbnb.com/rooms/plus/21767796
Dror,Cozy Pop Art Pad,https://www.airbnb.com/rooms/plus/21801528
Jim,nan,https://www.airbnb.com/rooms/plus/21802451
Stephen,nan,https://www.airbnb.com/rooms/plus/21830438
Rose,Private Deluxe En-Suite Room near Americana,https://www.airbnb.com/rooms/plus/21841199
Kristin,nan,https://www.airbnb.com/rooms/plus/21863708
Brittney,Explore Silver Lake from a Modern Craftsman Home,https://www.airbnb.com/rooms/plus/21939971
Marquis And Dianne,Luxurious Hollywood Mansion Under Hollywood Sign,https://www.airbnb.com/rooms/plus/21980899
Nate & Marilyn,nan,https://www.airbnb.com/rooms/plus/21982815
Heather,nan,https://www.airbnb.com/rooms/plus/22000125
Marta,Boho-Chic Style Home with Front Porch,https://www.airbnb.com/rooms/plus/22012610
Jeff & Shannon,nan,https://www.airbnb.com/rooms/plus/22033468
Stephen,"Romantic & Amazing Views
Honeymoon on Sunset Plaza",https://www.airbnb.com/rooms/plus/22045601
Jess,Upper Level Loft with Rooftop Terrace,https://www.airbnb.com/rooms/plus/22061725
Patricia,Amazing Pasadena Bungalow on Half Acre Lot,https://www.airbnb.com/rooms/plus/22069797
Sarah,Nostalgic Coastal Retreat Nestled in the Mountains,https://www.airbnb.com/rooms/plus/22081513
Jason & Andrew,Walk to Abbott Kinney from a Garden Master Suite,https://www.airbnb.com/rooms/plus/22116934
Chaele,nan,https://www.airbnb.com/rooms/plus/22143774
Dylan,"Creative, Split-Level Loft in a Secluded Spot",https://www.airbnb.com/rooms/plus/22177323
Sara,Explore Pacific Palisades at a Lush Getaway,https://www.airbnb.com/rooms/plus/22191488
Cory And Angela,nan,https://www.airbnb.com/rooms/plus/22193219
Cali,Sunny Hideaway in the Heart of West Hollywood,https://www.airbnb.com/rooms/plus/22215825
Cali,nan,https://www.airbnb.com/rooms/plus/22216345
Sara,nan,https://www.airbnb.com/rooms/plus/22263888
Kenneth & Michelle,Treehouse Cottage in Quiet South Pasadena Village,https://www.airbnb.com/rooms/plus/22266076
Trevor,nan,https://www.airbnb.com/rooms/plus/22322697
Kristie,nan,https://www.airbnb.com/rooms/plus/22324511
Perle Paris,Modern Art-Filled Condo in Prime Koreatown,https://www.airbnb.com/rooms/plus/22326852
Chris & Amy,nan,https://www.airbnb.com/rooms/plus/22354177
Anna-Lea,Bedroom and Private Bathroom in Upscale Condo,https://www.airbnb.com/rooms/plus/22412820
Mark & Maria,Lovely LA Spanish-Style Sanctuary for Work or Play,https://www.airbnb.com/rooms/plus/22439208
Hilary,nan,https://www.airbnb.com/rooms/plus/22470472
Jonathan,Relax in a Lovely Tree House Near the Beach,https://www.airbnb.com/rooms/plus/22492463
Melvone,Boutique-Style Oasis in the Heart of Sherman Oaks,https://www.airbnb.com/rooms/plus/22493557
Ivan,Discover Los Angeles from Charming Luxurious Abode,https://www.airbnb.com/rooms/plus/22494024
Nanou,nan,https://www.airbnb.com/rooms/plus/22527822
Eddie & Kris,nan,https://www.airbnb.com/rooms/plus/22535695
Moziko,nan,https://www.airbnb.com/rooms/plus/22555879
Dimitri,nan,https://www.airbnb.com/rooms/plus/22574788
Kevin,nan,https://www.airbnb.com/rooms/plus/22586972
Alain & Linda,Luxury Bungalow in the Heart of Hollywood,https://www.airbnb.com/rooms/plus/22638957
Mike,"Take in all of LA from a Chic, High-End Penthouse",https://www.airbnb.com/rooms/plus/22641509
Pia & Tino,nan,https://www.airbnb.com/rooms/plus/22655428
Stuart,nan,https://www.airbnb.com/rooms/plus/22655643
Sofia,nan,https://www.airbnb.com/rooms/plus/22667742
Matt & Danna,nan,https://www.airbnb.com/rooms/plus/22689354
Cindy,nan,https://www.airbnb.com/rooms/plus/22699387
Ben,nan,https://www.airbnb.com/rooms/plus/22720257
Ben,Sleek & Chic Designer Flat in East Hollywood,https://www.airbnb.com/rooms/plus/22724592
Victor,nan,https://www.airbnb.com/rooms/plus/22730955
Indra,Art Deco Townhouse in the Heart of Hollywood,https://www.airbnb.com/rooms/plus/22746585
Indra,nan,https://www.airbnb.com/rooms/plus/22750751
Indra,nan,https://www.airbnb.com/rooms/plus/22751753
Indra,"Lush, Airy Loft Steps from the Walk of Fame",https://www.airbnb.com/rooms/plus/22751842
Indra,Luxe Bungalow with Cafe-Style Terrace,https://www.airbnb.com/rooms/plus/22751912
Darren,nan,https://www.airbnb.com/rooms/plus/22754142
Roxy,Take it easy on the porch in a Hollywood hideaway,https://www.airbnb.com/rooms/plus/22754782
Helena,Charming Suite in the Prestigious Community,https://www.airbnb.com/rooms/plus/22772873
Jim,Remodeled Luxury Penthouse Suite in Beverly Hills,https://www.airbnb.com/rooms/plus/22799527
Adam,Explore Silver Lake from a Charming Bungalow,https://www.airbnb.com/rooms/plus/22808404
Wendy,"Cozy Santa Monica 
Suite Steps from the Beach",https://www.airbnb.com/rooms/plus/22819227
Luhanda,nan,https://www.airbnb.com/rooms/plus/22828928
Lori,California Dreaming in a Culver City Bungalow,https://www.airbnb.com/rooms/plus/22832979
Katie,Admire DTLA Views from Under a Pergola,https://www.airbnb.com/rooms/plus/22887302
Eric,nan,https://www.airbnb.com/rooms/plus/22907568
Geena,Explore LA from a Peaceful Oasis in Culver City,https://www.airbnb.com/rooms/plus/22908523
Devin,nan,https://www.airbnb.com/rooms/plus/22927017
Meredith,nan,https://www.airbnb.com/rooms/plus/22943109
Emily,nan,https://www.airbnb.com/rooms/plus/22947843
Sofia,nan,https://www.airbnb.com/rooms/plus/22957338
Jane,nan,https://www.airbnb.com/rooms/plus/22990090
Brad & Sean,Grand by Open Air Homes,https://www.airbnb.com/rooms/plus/23002870
Stuart,nan,https://www.airbnb.com/rooms/plus/23016991
Meredith,nan,https://www.airbnb.com/rooms/plus/23025543
Michael,Tranquil One Bedroom Guest Home with Private Entry,https://www.airbnb.com/rooms/plus/23040837
Sanjai,nan,https://www.airbnb.com/rooms/plus/23057552
Whitney,nan,https://www.airbnb.com/rooms/plus/23075447
Melissa,Classic Spanish Beauty in Beverly Hills,https://www.airbnb.com/rooms/plus/23077344
Geena,Upscale Culver City Home Close to Silicon Beach,https://www.airbnb.com/rooms/plus/23079820
Heather,nan,https://www.airbnb.com/rooms/plus/23092468
Kathryn,Zen Garden Guesthouse with Outdoor Lounge,https://www.airbnb.com/rooms/plus/23112602
Brad & Sean,The Hideaway by Open Air Homes,https://www.airbnb.com/rooms/plus/23127726
Terry,nan,https://www.airbnb.com/rooms/plus/23130861
Jamee,"Private, Enchanting Home near Chateau Marmont",https://www.airbnb.com/rooms/plus/23146038
Hamilton House,Hamilton House. Experience Silver Lake Living,https://www.airbnb.com/rooms/plus/23151139
Michael,nan,https://www.airbnb.com/rooms/plus/23167817
Alex And Rafael,Relax in a Stylish Townhouse with Hot Tub,https://www.airbnb.com/rooms/plus/23224160
Margalit,nan,https://www.airbnb.com/rooms/plus/23234493
Alex And Rafael,Stay in a Universal Studios Chic Home with Hot Tub,https://www.airbnb.com/rooms/plus/23240445
Moe,nan,https://www.airbnb.com/rooms/plus/23251297
Robert,Visit Universal Studios from a Hillside Villa,https://www.airbnb.com/rooms/plus/23394893
Jeff & Shelley,nan,https://www.airbnb.com/rooms/plus/23395506
Katie,nan,https://www.airbnb.com/rooms/plus/23399197
Dan,nan,https://www.airbnb.com/rooms/plus/23414327
Sharon,nan,https://www.airbnb.com/rooms/plus/23421132
Mary K,nan,https://www.airbnb.com/rooms/plus/23435528
David,Walk to Sunset Boulevard from an Airy Apartment,https://www.airbnb.com/rooms/plus/23451993
Joey,nan,https://www.airbnb.com/rooms/plus/23477422
David,Hollywood Hills Mid-Century House with City Views,https://www.airbnb.com/rooms/plus/23524410
Brad,Charming Restored Spanish House Close to the Beach,https://www.airbnb.com/rooms/plus/23541949
Gerard And Liz,nan,https://www.airbnb.com/rooms/plus/23548092
Stuart,nan,https://www.airbnb.com/rooms/plus/23564826
Mani,Awesome Views of LA from a Venice Beach Bungalow,https://www.airbnb.com/rooms/plus/23579811
Jean-Yves,See LA in Style from This Chic Mini Apartment,https://www.airbnb.com/rooms/plus/23584526
Kelly,New Eastside Guest House in Charming Atwater,https://www.airbnb.com/rooms/plus/23593820
Mark,nan,https://www.airbnb.com/rooms/plus/23610896
Gillan,Art-filled Creative Studio Close to the Rose Bowl,https://www.airbnb.com/rooms/plus/23634758
Lindsey Erica,"Explore LA from a Sunlit, Los Feliz Studio",https://www.airbnb.com/rooms/plus/23664896
Katie,Boutique Design Complex with Wraparound Porch,https://www.airbnb.com/rooms/plus/23683370
Matt,Beach-Ready Venice and Santa Monica Family Home,https://www.airbnb.com/rooms/plus/23703125
Greg,nan,https://www.airbnb.com/rooms/plus/23713061
Phil And Mimi,nan,https://www.airbnb.com/rooms/plus/23754364
Phil And Mimi,nan,https://www.airbnb.com/rooms/plus/23791960
Zerik,Retro Styled Artistic Apartment with Terrace,https://www.airbnb.com/rooms/plus/23802346
Mary,Walk to Century City from Apartment with Balcony,https://www.airbnb.com/rooms/plus/23818017
Zerik,nan,https://www.airbnb.com/rooms/plus/23841957
Michael,nan,https://www.airbnb.com/rooms/plus/23842186
Shelly,nan,https://www.airbnb.com/rooms/plus/23899919
Broderick,Minimalist Architectural Design Villa with Pool,https://www.airbnb.com/rooms/plus/23923195
Valerie,nan,https://www.airbnb.com/rooms/plus/24036537
Brad & Sean,Life in Color by Open Air Homes,https://www.airbnb.com/rooms/plus/24041143
Doris,Modern Duplex in the Heart of Venice Beach,https://www.airbnb.com/rooms/plus/24045365
Sara & Brad,Rustic-Style Retreat with a Hot Tub in the Valley,https://www.airbnb.com/rooms/plus/24045805
Deirdre,nan,https://www.airbnb.com/rooms/plus/24084249
Jason,"Stylish, Mid-Century Apartment in West Hollywood",https://www.airbnb.com/rooms/plus/24101596
Viktorya And Armine,Sherman Oaks Home with a BBQ Patio,https://www.airbnb.com/rooms/plus/24103449
John,Mid-Century Modern Revivalist Studio Apartment,https://www.airbnb.com/rooms/plus/24124463
Chris,nan,https://www.airbnb.com/rooms/plus/24234066
Kevin,Original 1920s Venice Beach Bungalow,https://www.airbnb.com/rooms/plus/24246515
Ink,nan,https://www.airbnb.com/rooms/plus/24307328
Steph,nan,https://www.airbnb.com/rooms/plus/24307517
Shannon,nan,https://www.airbnb.com/rooms/plus/24310531
Neville,Private Pool Oasis Close to Universal Studios,https://www.airbnb.com/rooms/plus/24330077
Barry & Van-Martin,nan,https://www.airbnb.com/rooms/plus/24371034
Atouzo,nan,https://www.airbnb.com/rooms/plus/24376654
Roni,Venice Home Away from Home,https://www.airbnb.com/rooms/plus/24391131
Stacey,Mid Century Guest House in Historic South Pasadena,https://www.airbnb.com/rooms/plus/24399327
The Rosemary Hospitality,nan,https://www.airbnb.com/rooms/plus/24409706
Trevor,nan,https://www.airbnb.com/rooms/plus/24412624
Jeff,"Lush Hollywood Hills, Designer Oasis with Fire Pit",https://www.airbnb.com/rooms/plus/24430277
Andi,nan,https://www.airbnb.com/rooms/plus/24494099
Michelle,nan,https://www.airbnb.com/rooms/plus/24499270
Kyla,nan,https://www.airbnb.com/rooms/plus/24516318
Matthias,nan,https://www.airbnb.com/rooms/plus/24623109
Sara,nan,https://www.airbnb.com/rooms/plus/24698622
Luke + Lena,Mid-Century Modern Studio Guesthouse with Patio,https://www.airbnb.com/rooms/plus/24758971
Savannah And Jake,nan,https://www.airbnb.com/rooms/plus/24830873
Sarah & Don,nan,https://www.airbnb.com/rooms/plus/24854999
Rami,nan,https://www.airbnb.com/rooms/plus/24870148
Freddie,Sun-Filled Pool Retreat in Vibrant Studio City,https://www.airbnb.com/rooms/plus/24886748
Sean,Captivating Tiny Home with Views in Mt Washington,https://www.airbnb.com/rooms/plus/24944135
Carol,"Relax at Stylish, Beachy Hollywood Riveria Studio",https://www.airbnb.com/rooms/plus/24970883
Allen,Garden Villa in Hollywood,https://www.airbnb.com/rooms/plus/25034348
Estelle,Warm Light-Filled California Designer Bungalow,https://www.airbnb.com/rooms/plus/25088483
Lauren,Remodeled Beach Cottage on Serene Venice Canals,https://www.airbnb.com/rooms/plus/25101145
Steve,nan,https://www.airbnb.com/rooms/plus/25166999
Jeff & Shannon,Giant Penthouse Close to the Beach,https://www.airbnb.com/rooms/plus/25190759
Lauren,nan,https://www.airbnb.com/rooms/plus/25325802
J,Art Deco Penthouse Apartment with Rooftop Terrace,https://www.airbnb.com/rooms/plus/25380392
Jesse,Sun-filled Oasis in the Heart of Echo Park,https://www.airbnb.com/rooms/plus/25492594
Erana,nan,https://www.airbnb.com/rooms/plus/25514865
Justin,nan,https://www.airbnb.com/rooms/plus/25517380
Phil And Mimi,nan,https://www.airbnb.com/rooms/plus/25552583
Cédric & Lucy,Rustic Modern Vintage Bungalow with Patio,https://www.airbnb.com/rooms/plus/25553232
Lynne,nan,https://www.airbnb.com/rooms/plus/25679828
Lena,nan,https://www.airbnb.com/rooms/plus/25682862
TurnKey Vacation Rentals,"Art and Glamour, Inside and Out, near Hollywood",https://www.airbnb.com/rooms/plus/25814909
David,nan,https://www.airbnb.com/rooms/plus/25860744
Carey,nan,https://www.airbnb.com/rooms/plus/25951458
Meredith,nan,https://www.airbnb.com/rooms/plus/25970489
Amy,位于蒙特利公园时代广场的高级公寓,https://www.airbnb.com/rooms/plus/26016012
Anna,nan,https://www.airbnb.com/rooms/plus/26031288
Sharaya,Bamboo Hacienda in Boyle Heights,https://www.airbnb.com/rooms/plus/26066204
Cameron And Ramaa,Exquisite Bright Venice Beach Bungalow with Garden,https://www.airbnb.com/rooms/plus/26080465
Jacqueline,Exhale in Venice,https://www.airbnb.com/rooms/plus/26112214
Paul & Lisa,nan,https://www.airbnb.com/rooms/plus/26163290
Erana,PRETTY PENNY COTTAGE! WARM AND COZY TINY LIVING.,https://www.airbnb.com/rooms/plus/26172913
Paulina,nan,https://www.airbnb.com/rooms/plus/26198101
Patrick,"Warm, Hillside Home with a Hot Tub",https://www.airbnb.com/rooms/plus/26230739
Amber,Explore Venice from a Contemporary Beachfront Gem,https://www.airbnb.com/rooms/plus/26235397
Diego,nan,https://www.airbnb.com/rooms/plus/26239373
Paul,nan,https://www.airbnb.com/rooms/plus/26256183
Marina And Brock,Luxurious Modern Home in North Hollywood,https://www.airbnb.com/rooms/plus/26280246
Krista,Charming Pool House with Hot Tub,https://www.airbnb.com/rooms/plus/26363450
Krista,The Rooftop with Pool,https://www.airbnb.com/rooms/plus/26364147
Jason And Ramona,nan,https://www.airbnb.com/rooms/plus/26451232
Guy & Miranda,nan,https://www.airbnb.com/rooms/plus/26475314
Justin,nan,https://www.airbnb.com/rooms/plus/26475757
Michelle,nan,https://www.airbnb.com/rooms/plus/26568418
Jj,nan,https://www.airbnb.com/rooms/plus/26593568
Jim,nan,https://www.airbnb.com/rooms/plus/26607216
Claire,Stunning Spanish Villa with Lush Grounds & Pool,https://www.airbnb.com/rooms/plus/26637670
Anna Alona,Walk down Melrose Avenue from a Sunny Loft Studio,https://www.airbnb.com/rooms/plus/26670399
Nick,Stroll to NoHo from a Rustic Boutique Townhouse,https://www.airbnb.com/rooms/plus/26712133
Mary,Stylish Highland Park Guesthouse with a View,https://www.airbnb.com/rooms/plus/26745697
Loni,Universal Studios Home in the Hollywood Hills,https://www.airbnb.com/rooms/plus/26748805
Matt,Zen Hollywood Hills Home in Scenic Laurel Canyon,https://www.airbnb.com/rooms/plus/26768868
Joel,nan,https://www.airbnb.com/rooms/plus/26808013
Magali,Remodeled Guest Suite in LA's Idylic Westside,https://www.airbnb.com/rooms/plus/26809405
Luxury Mansion Rentals,Modern Luxury in the Hills Rooftop Deck/Pool/Spa,https://www.airbnb.com/rooms/plus/26813644
Sarah & Adam,nan,https://www.airbnb.com/rooms/plus/26818348
Sofia,nan,https://www.airbnb.com/rooms/plus/26864046
Kelly,Classic Beach Home with Gorgeous Garden,https://www.airbnb.com/rooms/plus/26864913
Ann,Bright & Peaceful Suite with Mountain Views,https://www.airbnb.com/rooms/plus/26918780
Samantha,Garden Oasis 1920s Family Home in Windsor Square,https://www.airbnb.com/rooms/plus/26932462
Talya,Studio by the Beach with Backyard Garden,https://www.airbnb.com/rooms/plus/27061122
Erik,nan,https://www.airbnb.com/rooms/plus/27140959
David,nan,https://www.airbnb.com/rooms/plus/27142050
Heidi Jo,nan,https://www.airbnb.com/rooms/plus/27168516
Lisa,"Sparkling, Spacious Townhouse Close to Disneyland",https://www.airbnb.com/rooms/plus/27217917
Steven And Kelly,nan,https://www.airbnb.com/rooms/plus/27491900
Guy,nan,https://www.airbnb.com/rooms/plus/27525072
Shawn,The Otherside: A Transformative Cabin in the Hills,https://www.airbnb.com/rooms/plus/27550522
Michael,Hear Ocean Waves from a Boho Beachfront Pad,https://www.airbnb.com/rooms/plus/27609260
Nancy,nan,https://www.airbnb.com/rooms/plus/27613018
Alice,nan,https://www.airbnb.com/rooms/plus/27657297
Carmen,Vintage Inspired Home with Private Backyard,https://www.airbnb.com/rooms/plus/27721317
SpeedKeyz Management,nan,https://www.airbnb.com/rooms/plus/27753425
Maxim,nan,https://www.airbnb.com/rooms/plus/27783150
Sandy,nan,https://www.airbnb.com/rooms/plus/27830531
Wallace,nan,https://www.airbnb.com/rooms/plus/27833694
Glen,Walk to the Beach from Tranquil Venice Home,https://www.airbnb.com/rooms/plus/27908908
Javi,Sunlit Spanish Retreat in the Heart of Echo Park,https://www.airbnb.com/rooms/plus/27953464
Feith,nan,https://www.airbnb.com/rooms/plus/27999985
Kyle & Jayde,nan,https://www.airbnb.com/rooms/plus/28080520
Stephanie,nan,https://www.airbnb.com/rooms/plus/28138251
Ward Schurr,nan,https://www.airbnb.com/rooms/plus/28156957
Amy & Danny,nan,https://www.airbnb.com/rooms/plus/28187212
David,nan,https://www.airbnb.com/rooms/plus/28197217
Jeff,nan,https://www.airbnb.com/rooms/plus/28200849
Adam,nan,https://www.airbnb.com/rooms/plus/28284989
Corey,Retro Revivalist Bungalow with Backyard Lounge,https://www.airbnb.com/rooms/plus/28288161
David,nan,https://www.airbnb.com/rooms/plus/28366272
Trevor,Sophisticated Home with a BBQ Patio and Fire Pit,https://www.airbnb.com/rooms/plus/28457999
Jorge,Visit Museums from a Colorful Condo in Long Beach,https://www.airbnb.com/rooms/plus/28467239
Jorge,Retro Inspired Guesthouse in Long Beach,https://www.airbnb.com/rooms/plus/28467719
Kali,Lovely Spanish Mediterranean-Style House,https://www.airbnb.com/rooms/plus/28469633
Brad & Sean,nan,https://www.airbnb.com/rooms/plus/28481485
Bonnie,Vibrant Apartment Close to Universal Studio,https://www.airbnb.com/rooms/plus/28511644
Derek,nan,https://www.airbnb.com/rooms/plus/28609022
Gabriel & Monica,New Three Level Home Close to All Things Hollywood,https://www.airbnb.com/rooms/plus/28631438
Ronald,nan,https://www.airbnb.com/rooms/plus/28666679
Laurie,nan,https://www.airbnb.com/rooms/plus/28669526
Laurie,New Tri-Level Home in Central Hollywood,https://www.airbnb.com/rooms/plus/28697732
Damien,Boho Farmhouse With a Petting Zoo in Laurel Canyon,https://www.airbnb.com/rooms/plus/28714902
Blanca,Gorgeous Private Room Close to Manhattan Beach,https://www.airbnb.com/rooms/plus/28722771
Ryan,"Stylish, Newly-Renovated Home in Hollywood",https://www.airbnb.com/rooms/plus/28765038
Veronica,Mid-Century Inspired Apartment in Downtown LA,https://www.airbnb.com/rooms/plus/28864159
Denise,Hideaway at a Magical Mid-century Canyon Retreat,https://www.airbnb.com/rooms/plus/28871715
Viktorya And Armine,New Designer Home in Sherman Oaks,https://www.airbnb.com/rooms/plus/28886118
Brent & Alison,Private Silver Lake Garden Escape,https://www.airbnb.com/rooms/plus/28892212
Gabriel & Monica,nan,https://www.airbnb.com/rooms/plus/28939579
Gillan,Immaculate Cottage a Short Walk from Montrose,https://www.airbnb.com/rooms/plus/28957816
Viktorya And Armine,Glowing New-Build with a Patio in Sherman Oaks,https://www.airbnb.com/rooms/plus/28958139
Dan,nan,https://www.airbnb.com/rooms/plus/28987588
Cari,nan,https://www.airbnb.com/rooms/plus/29035585
Cari,nan,https://www.airbnb.com/rooms/plus/29038240
Shelly,nan,https://www.airbnb.com/rooms/plus/29039021
The Rosemary Hospitality,nan,https://www.airbnb.com/rooms/plus/29062996
Shannon,nan,https://www.airbnb.com/rooms/plus/29129795
Meredith,Centrally Located Mid-Century Artisanal Apartment,https://www.airbnb.com/rooms/plus/29137663
S&E,Explore Downtown from a Stylish Apartment,https://www.airbnb.com/rooms/plus/29165732
Visi,Low-Key Apartment with a Patio in Studio City,https://www.airbnb.com/rooms/plus/29183448
Resortigo,nan,https://www.airbnb.com/rooms/plus/29185766
Lori,Trendy Black and White Bungalow in Culver City,https://www.airbnb.com/rooms/plus/29234614
David,nan,https://www.airbnb.com/rooms/plus/29234893
Frankie,The Charming Daisy Cottage,https://www.airbnb.com/rooms/plus/29282494
Angel,Explore Los Angeles from a Laid-Back Home,https://www.airbnb.com/rooms/plus/29316775
Ben And Maria,nan,https://www.airbnb.com/rooms/plus/29418904
Jack,Hip Apartment with a City-View Balcony,https://www.airbnb.com/rooms/plus/29488894
Anna Alona,Attractive Loft Apartment on Melrose Avenue,https://www.airbnb.com/rooms/plus/29545059
John,nan,https://www.airbnb.com/rooms/plus/29575365
Cameron And Ramaa,Venice Beach from the Stunning Casita Indigo,https://www.airbnb.com/rooms/plus/29631685
Melissa,Private Guesthouse with Verdant Garden Yard,https://www.airbnb.com/rooms/plus/29650719
Kelly,nan,https://www.airbnb.com/rooms/plus/29738704
Vincent,nan,https://www.airbnb.com/rooms/plus/29763205
Lori,Hip Apartment with a Balcony in Mar Vista,https://www.airbnb.com/rooms/plus/29797029
Greta,Hidden Long Beach Cottage in Hip Area by Downtown,https://www.airbnb.com/rooms/plus/29800990
Savannah And Jake,Luxury 2-Story Villa with Downtown Hollywood Views,https://www.airbnb.com/rooms/plus/29805944
Tamara,nan,https://www.airbnb.com/rooms/plus/29848313
Ryan & David,"Cozy, Colorful Haven in Los Angeles",https://www.airbnb.com/rooms/plus/29909033
Sona,nan,https://www.airbnb.com/rooms/plus/29921161
Lucy,Renovated Modern Unit in Highland Park,https://www.airbnb.com/rooms/plus/29928011
Lucy,nan,https://www.airbnb.com/rooms/plus/29928394
Meiyee,"The Half, A Metro-Accessible Designer Tiny House",https://www.airbnb.com/rooms/plus/29960701
Jesus,Exceptional Chic Home in Beverly Hills,https://www.airbnb.com/rooms/plus/29986535
Mani,Walked to the Beach from Venice Beach Bungalow.,https://www.airbnb.com/rooms/plus/30006087
Geena,nan,https://www.airbnb.com/rooms/plus/30064310
Laurie,Chic Curated Bungalow with Backyard Patio,https://www.airbnb.com/rooms/plus/30129421
Owen & Niah,Bullseye.  Central-Stylishly Curated Abode,https://www.airbnb.com/rooms/plus/30134089
Shayna,Urban High-Rise Oasis in Marina del Rey,https://www.airbnb.com/rooms/plus/30157602
Ouss,nan,https://www.airbnb.com/rooms/plus/30251219
David,"Chic, Family-Friendly Home in Studio City",https://www.airbnb.com/rooms/plus/30265578
Stuart,nan,https://www.airbnb.com/rooms/plus/30268862
Tiffany,nan,https://www.airbnb.com/rooms/plus/30318865
Sara,nan,https://www.airbnb.com/rooms/plus/30319291
Arlene,Silver Triangle Oasis with Verdant Backyard,https://www.airbnb.com/rooms/plus/30376074
Angel,nan,https://www.airbnb.com/rooms/plus/30377292
Andrew & Lisa,nan,https://www.airbnb.com/rooms/plus/30405527
Joseph,Modern Living Near Marina Del Rey,https://www.airbnb.com/rooms/plus/30588533
Gina,Hip Poolside Gem in Pasadena,https://www.airbnb.com/rooms/plus/30589607
Steve,nan,https://www.airbnb.com/rooms/plus/30733862
Andrew & Lisa,Capacious Townhouse in Heart of North Hollywood,https://www.airbnb.com/rooms/plus/30749398
Lori,nan,https://www.airbnb.com/rooms/plus/30763530
Angela,nan,https://www.airbnb.com/rooms/plus/30803209
Lars,nan,https://www.airbnb.com/rooms/plus/30930563
Krista & Jason,Explore Sherman Oaks at a California Boho Bungalow,https://www.airbnb.com/rooms/plus/31042365
Lisa,nan,https://www.airbnb.com/rooms/plus/31121871
Greta,Sophisticated Urban Suite in Trendy Alamitos Beach,https://www.airbnb.com/rooms/plus/31148133
Elaine,nan,https://www.airbnb.com/rooms/plus/31239887
Andy,nan,https://www.airbnb.com/rooms/plus/31358998
Heather,nan,https://www.airbnb.com/rooms/plus/31472416
Jeff & Shannon,nan,https://www.airbnb.com/rooms/plus/31833019
Kyle & Jayde,nan,https://www.airbnb.com/rooms/plus/31835140
S&E,nan,https://www.airbnb.com/rooms/plus/31899902
Mili,Cozy Studio With Sweeping Hollywood Hills Views,https://www.airbnb.com/rooms/plus/31964896
Jen,nan,https://www.airbnb.com/rooms/plus/32046222
James,nan,https://www.airbnb.com/rooms/plus/32147787
Teresa,nan,https://www.airbnb.com/rooms/plus/32411327
Ray,Sunny and Walkable Dtla Loft,https://www.airbnb.com/rooms/plus/32445757
Sara,nan,https://www.airbnb.com/rooms/plus/32503628
Sara,nan,https://www.airbnb.com/rooms/plus/32544038
Andrew,Modern Bungalow with a Pool in Larchmont Village,https://www.airbnb.com/rooms/plus/32556419
Erica & Brett,nan,https://www.airbnb.com/rooms/plus/32615845
Philipp,Woodsy Tudor-Style Poolside Studio With Views,https://www.airbnb.com/rooms/plus/32701220
Jason And Natasha,Stylish - Renovated LA Home - Pool - BBQ,https://www.airbnb.com/rooms/plus/32823126
Laurie,nan,https://www.airbnb.com/rooms/plus/32866801
Rita,August Getaway Venice Beach Townhouse BoHo Patio,https://www.airbnb.com/rooms/plus/32941625
Tara,nan,https://www.airbnb.com/rooms/plus/32962411
William,nan,https://www.airbnb.com/rooms/plus/33556933
Thomas,nan,https://www.airbnb.com/rooms/plus/33585270
Cole,nan,https://www.airbnb.com/rooms/plus/33751020
